PubmedID,Title,Publication Date,Non-academic Author(s),Company Affiliation(s),Corresponding Author Email
40637695,Selective pulmonary artery perfusion with blood flow occlusion as a treatment for lung malignancies.,2025 Jul 10,"Claes, Erik, Verleden, Stijn E, De Raedemaecker, Joke, Annaert, Pieter, Gys, Celine, Cleys, Paulien, Lapperre, Therese S, Van Schil, Paul E, Covaci, Adrian, Snoeckx, Annemiek, Peeters, Dieter J E, Neyrinck, Arne P, Hendriks, Jeroen M H","BioNotus, Niel, Belgium.; Drug Delivery and Disposition, Dept of Pharmaceutical and Pharmacological Sciences, KUL, Leuven, Belgium.; Anesthesia and Algology Unit, Dept of Cardiovascular Sciences, KUL, Leuven, Belgium.",
40637693,Incidence of rare cancers during the COVID-19 pandemic: a US population-based study.,2025 Jul 10,"Haas, Cameron B, Miller, Jeremy, Shiels, Meredith S, Pfeiffer, Ruth M, Engels, Eric A","Information Management Services Inc., Rockville, MD, USA.",
40637621,Population Pharmacokinetics and Exposure-Response Analysis of First-Line Osimertinib Plus Chemotherapy in Patients with EGFR-Mutated Advanced NSCLC.,2025 Jul 10,"Yang, Jincheng, Olabode, Damilola, Sawant-Basak, Aarti, Baldry, Richard, Vishwanathan, Karthick, Bachina, Srinivas, Todd, Alexandar, Ghiorghiu, Dana, Rukazenkov, Yuri, Zhou, Diansong, Shahraz, Azar","Biometrics, Late-Stage Development, Oncology R&D, AstraZeneca, Cambridge, UK.; Late-Stage Development, Oncology R&D, AstraZeneca, Cambridge, UK.; Late-Stage Development, Oncology R&D, AstraZeneca, Cambridge, UK.",
40637305,Biomarker testing implementation for molecularly targeted therapy in non-small cell lung cancer patients.,2025 Jul 10,"Lorenzini, Daniele, Gaudioso, Gabriella, Scardoni, Alessandro, Blandi, Lorenzo, Del Gobbo, Alessandro, Rafaniello Raviele, Paola, Ferrero, Stefano, Veronese, Silvio M, Lauricella, Calogero, Pagni, Fabio, Seminati, Davide, Miozzo, Monica, Pesenti, Chiara, Gianelli, Umberto, Buiatiotis, Simona, Fumagalli, Caterina, Guerini Rocco, Elena, Rappa, Alessandra, Barberis, Massimo, Fusco, Nicola, Ranghiero, Alberto, La Rosa, Stefano, Sessa, Fausto, Furlan, Daniela, Sahnane, Nora, Patriarca, Carlo, Cangi, Maria Giulia, Lume, Alessandra, Doglioni, Claudio, Ponzoni, Maurilio, Vermi, William, Novali, Mauro, Paulli, Marco, Boveri, Emanuela, Terracciano, Luigi, Uccella, Silvia, Destro, Annarita, Tamborini, Elena, Perrone, Federica, Pasotti, Fabio, Agustoni, Francesco, De Braud, Filippo, Grossi, Francesco, Siena, Salvatore, Curigliano, Giuseppe, Buoro, Sabrina, Pruneri, Giancarlo","Welfare General Directorate, Regione Lombardia, Milan, Italy.; Directorate General for Health, Lombardy Region, Milan, Italy.; Directorate General for Health, Lombardy Region, Milan, Italy.",
40637151,Crossing borders: the need for empirical evidence of real-world evidence transportability in oncology.,2025 Jul 10,"Clunie-O'Connor, Caitlin, Thuresson, Per-Olof, Masters, Elizabeth, Taylor, Aliki, Rosenlund, Mats, Mpofu, Philani, Adamson, Blythe","Flatiron Health UK, London, UK.; Roche, Basel, Switzerland.; Pfizer, New York City, NY 10001, USA.; Gilead, London, UK.; Daiichi Sankyo Europe GmbH, Munich, Germany.; Flatiron Health, New York, NY 10013, USA.; Flatiron Health, New York, NY 10013, USA.",
